question,answer
"Based on the provided information, what were CSX's cash and cash equivalents at the end of 2022, how did this figure relate to its current debt, and what conclusion does the text draw from this comparison?","CSX's cash and cash equivalents were $2,087 million at the end of 2022, while its current debt was $151 million, implying that the company has sufficient cash to meet its current debt obligations."
"According to the report, what EU rule does Apple's anti-steering obligation allegedly breach, and which company filed the 2019 complaint that sparked the case?",EU rules against unfair trading conditions; Spotify.
"What two changes does the SAVE repayment plan introduce for undergraduate loans, as described by Matt Frankel, regarding discretionary income payments and the poverty-line threshold?","Discretionary payments are reduced from 10% to 5% of discretionary income, and the threshold for discretionary income is raised from 150% to 225% of the federal poverty line."
"What position will Natascha Viljoen assume after stepping down as CEO of Anglo American Platinum, and at which company will she take this role?",Chief operating officer at Newmont Corporation.
"According to the report, what factors contributed to the S&P 500 and Nasdaq closing weaker on Tuesday?","It was the first day of seasonally slow August, ahead of U.S. jobs data and major companies' earnings reports later this week."
"What was Apple's revenue in the second quarter, and what notable achievement did Apple report for its services revenue despite the challenging macroeconomic environment?","Revenue was $94.8 billion in the second quarter, and services revenue posted a record."
"According to the article, which five ETFs dominated the top creation list last week?",Invesco QQQ Trust (QQQ); iShares Core U.S. Aggregate Bond ETF (AGG); Health Care Select Sector SPDR Fund (XLV); Vanguard S&P 500 ETF (VOO); BondBloxx Bloomberg One Year Target Duration US Treasury ETF (XONE).
"Among the three dividend stocks highlighted—Microsoft, Apple, and Starbucks—which company is noted to have a 12-year streak of annual dividend increases and currently yields about 2%?",Starbucks.
"According to ETF Channel's analysis of PBUS's underlying holdings, what is the implied 12-month target price per unit for the Invesco PureBeta MSCI USA ETF (PBUS), and what is the corresponding upside relative to its recent price?",Implied target price: $46.02 per unit; Upside: 12.23%.
Which real estate investment trust is described as 'The Monthly Dividend Company' and has a 4.9% dividend yield in the article?,Realty Income (NYSE:O)
"Which ETF recorded the largest week-over-week inflow, and what was the size of that inflow in units and its percentage change?","The SPDR Portfolio S&P 500 ETF (SPLG) recorded the largest week-over-week inflow, adding 14,900,000 units, a 3.7% increase."
